{"cameraMode":{"drawMode":0,"name":"Shaded","section":"Shading Mode"},"sceneLighting":true,"audioPlay":false,"sceneViewState":{"m_AlwaysRefresh":false,"showFog":true,"showSkybox":true,"showFlares":true,"showImageEffects":true,"showParticleSystems":true,"showVisualEffectGraphs":true,"m_FxEnabled":true},"in2DMode":false,"pivot":{"x":11.957340240478516,"y":2.5923571586608888,"z":5.5106353759765629},"rotation":{"x":-0.005577475298196077,"y":-0.7847839593887329,"z":-0.0070632402785122398,"w":0.6197049021720886},"size":6.349562644958496,"orthographic":true}